Caso,Tamaño,Tiempo
10_aleatorio,10,5.817413330078125e-05
15_aleatorio,15,9.202957153320312e-05
20_aleatorio,20,0.0001494884490966797
25_aleatorio,25,0.00021910667419433594
30_aleatorio,30,0.00031566619873046875
5_aleatorio,5,1.0013580322265625e-05
